{
    "rmse": 0.6176418715416576,
    "mae": 0.10740740740740741,
    "r2": 0.9349723147143552
}